Radiohead,The Beatles
Oasis,Muse
Metallica,Muse
The Smiths,The Beatles
Lady Gaga,Rihanna
Radiohead,Arctic Monkeys
The Cure,Radiohead
Nirvana,Pearl Jam
Placebo,Radiohead
Muse,The Killers
Radiohead,Foo Fighters
The Beatles,Queen
Radiohead,Muse
Muse,The Strokes
Rihanna,Lady Gaga
Britney Spears,Lady Gaga
Muse,Kings of Leon
Coldplay,Nirvana
Foo Fighters,Nirvana
Franz Ferdinand,The Beatles
The Rolling Stones,The Beatles
Lady Gaga,Paramore
Oasis,Arctic Monkeys
Pink Floyd,Muse
Coldplay,Lady Gaga
Oasis,Coldplay
Radiohead,The Killers
Arctic Monkeys,Placebo
Foo Fighters,Muse
The Killers,Arctic Monkeys
Radiohead,The Cure
Coldplay,Oasis
Placebo,Coldplay
Muse,The Kooks
Muse,Pink Floyd
Oasis,Nirvana
The Smiths,Radiohead
Muse,Green Day
Coldplay,Placebo
Nirvana,Foo Fighters
Arctic Monkeys,Nirvana
Radiohead,Franz Ferdinand
Oasis,The Killers
The Beatles,Oasis
Red Hot Chili Peppers,Nirvana
Lady Gaga,The Beatles
Radiohead,The Smiths
The Killers,Muse
Nirvana,Placebo
Muse,The Cure
Nirvana,Red Hot Chili Peppers
Death Cab for Cutie,Radiohead
Nirvana,The Beatles
Radiohead,Coldplay
The Beatles,David Bowie
Coldplay,The Killers
Snow Patrol,Muse
The Killers,The Beatles
The Beatles,Arctic Monkeys
Arctic Monkeys,The Kooks
Radiohead,David Bowie
Muse,Queen
Muse,Coldplay
Red Hot Chili Peppers,Foo Fighters
The Killers,The Strokes
Foo Fighters,Red Hot Chili Peppers
Red Hot Chili Peppers,Muse
Radiohead,The Strokes
Lady Gaga,Britney Spears
Pink Floyd,The Beatles
Pink Floyd,Radiohead
The Smiths,The Cure
The Strokes,Arctic Monkeys
Muse,Franz Ferdinand
The Beatles,MGMT
Coldplay,The Beatles
Kings of Leon,Radiohead
The Beatles,Led Zeppelin
Red Hot Chili Peppers,The Beatles
Muse,Kasabian
Radiohead,Placebo
Arctic Monkeys,The Strokes
Metallica,System of a Down
Coldplay,Radiohead
Death Cab for Cutie,The Beatles
Arctic Monkeys,Coldplay
The Beatles,Red Hot Chili Peppers
The Beatles,Lady Gaga
Red Hot Chili Peppers,Coldplay
Muse,Arctic Monkeys
Nirvana,Oasis
The Beatles,Franz Ferdinand
Lady Gaga,Coldplay
The Beatles,Coldplay
Muse,Incubus
Oasis,The Beatles
Muse,Snow Patrol
Placebo,Arctic Monkeys
Arctic Monkeys,MGMT
System of a Down,Metallica
Muse,Death Cab for Cutie
Lady Gaga,Muse
Radiohead,Pink Floyd
Nirvana,Radiohead
Kings of Leon,Muse
Nirvana,Muse
MGMT,Arctic Monkeys
The Strokes,Muse
Muse,Oasis
Death Cab for Cutie,Muse
Green Day,Muse
The Beatles,The Rolling Stones
The Beatles,Nirvana
Led Zeppelin,The Beatles
Arctic Monkeys,Oasis
Queen,Muse
The Kooks,Muse
Kings of Leon,The Killers
Coldplay,Arctic Monkeys
Arctic Monkeys,Franz Ferdinand
Muse,Foo Fighters
Muse,Paramore
Placebo,The Killers
Muse,Red Hot Chili Peppers
30 Seconds to Mars,Muse
Muse,Nirvana
The Cure,The Smiths
Led Zeppelin,Pink Floyd
Red Hot Chili Peppers,The Killers
Foo Fighters,Radiohead
Kings of Leon,Arctic Monkeys
The Beatles,The Smiths
Muse,Metallica
Nirvana,Coldplay
The Beatles,Pink Floyd
Red Hot Chili Peppers,Radiohead
Arctic Monkeys,The Beatles
Kings of Leon,Coldplay
Arctic Monkeys,The Killers
Lily Allen,Lady Gaga
Placebo,Nirvana
Iron Maiden,Metallica
Kasabian,Muse
The Kooks,Arctic Monkeys
The Beatles,Death Cab for Cutie
David Bowie,The Beatles
MGMT,Muse
Lady Gaga,Lily Allen
The Beatles,Radiohead
Placebo,Muse
Linkin Park,Muse
Radiohead,Red Hot Chili Peppers
Radiohead,Nirvana
Coldplay,Red Hot Chili Peppers
The Strokes,The Beatles
Lady Gaga,Ke$ha
The Killers,Oasis
The Killers,Radiohead
Radiohead,Pearl Jam
Paramore,Muse
The Beatles,Muse
Muse,The Beatles
The Beatles,The Strokes
Arctic Monkeys,Muse
Coldplay,Muse
Coldplay,Kings of Leon
Queen,The Beatles
Muse,Placebo
Nirvana,Arctic Monkeys
Muse,MGMT
Pink Floyd,Led Zeppelin
Franz Ferdinand,Radiohead
Muse,Radiohead
Pearl Jam,Nirvana
The Killers,Red Hot Chili Peppers
Muse,Lady Gaga
Radiohead,Oasis
The Beatles,The Killers
Incubus,Muse
Franz Ferdinand,Arctic Monkeys
MGMT,The Beatles
The Killers,Coldplay
Metallica,Iron Maiden
Arctic Monkeys,Kings of Leon
Ke$ha,Lady Gaga
Arctic Monkeys,Radiohead
The Killers,Placebo
Muse,30 Seconds to Mars
Muse,Linkin Park
The Cure,Muse
The Strokes,Radiohead
David Bowie,Radiohead
The Killers,Kings of Leon
The Strokes,The Killers
Muse,System of a Down
Radiohead,Death Cab for Cutie
System of a Down,Muse
Paramore,Lady Gaga
Pearl Jam,Radiohead
Franz Ferdinand,Muse
Radiohead,Kings of Leon
Oasis,Radiohead
